nome;email.telefone
luiz;luiz@gmail.com;123456789
rafa;rafa@gmail.com;123456781
nicolas;nicolas@gmail.com;123456782
bruno;bruno@gmail.com;123456780
fernando;fernando@gmail.com;987654321
marcos;marcos@gmail.com;123123123
fabricio;fabricio@gmail.com;123412341
joelton;joelton@gmail.com;123454321
alcides;alcides@gmail.com;987656789
edgar;edgar@gmail.com;321123321
kelly rafaela;rafaela@gmail.com;131313211
andrey;andrey@gmail.com;989898989